
{
  "Dijital": [
    {
      "name": "Gölge Fenomen",
      "icon": "🕶️",
      "description": "Story atmadan dikkat çeker.",
      "power": "Görünmez izleme",
      "level": 1
    }
  ],
  "Mesleki": [
    {
      "name": "Ajans Junior",
      "icon": "🧑‍💻",
      "description": "Briefle yaşar.",
      "power": "Görev önerir",
      "level": 1
    }
  ],
  "Gündelik": [
    {
      "name": "Teyze Tracker",
      "icon": "🧕",
      "description": "Herkesi takip eder.",
      "power": "Gizli story görür",
      "level": 1
    }
  ],
  "Sürreal": [
    {
      "name": "Zaman Yolcusu",
      "icon": "⏳",
      "description": "Geleceği görür.",
      "power": "Saat 3:33'te özellik açılır",
      "level": 1
    }
  ],
  "Mini Ego": [
    {
      "name": "Like Açlığıyla Yanan",
      "icon": "🔥",
      "description": "Story’den story’ye atlar.",
      "power": "Görünürlük +20%",
      "level": 1
    }
  ]
}
